[
  {
    "id": "1763585112151",
    "formId": "71b0653384932fdf0ed5c57744fbd719",
    "data": {
      "1763585018082": {
        "categoryId": "lawn-turf-care",
        "services": [
          {
            "serviceId": "lawn-mowing",
            "complexityTier": "moderate"
          },
          {
            "serviceId": "trimming",
            "complexityTier": "basic"
          }
        ],
        "universalTier": "tier1"
      }
    },
    "submittedAt": "2025-11-19T20:45:12.151Z",
    "ipAddress": "::1"
  },
  {
    "id": "1763595905463",
    "formId": "d09012d46dd09093fc9efe93ad37cd68",
    "data": {
      "1763595876835": "test",
      "1763595889078": "test"
    },
    "submittedAt": "2025-11-19T23:45:05.463Z",
    "ipAddress": "::1",
    "customerId": "17635959054640nie81o06"
  },
  {
    "id": "1763596413947",
    "formId": "07632ca348f5e83db007f123d3309312",
    "data": {
      "1763596292855": "iqbal",
      "1763596300603": {
        "street": "hunza",
        "city": "hunza"
      },
      "1763596306515": "",
      "1763596307624": "touseeq.hunzai@gmail.com"
    },
    "submittedAt": "2025-11-19T23:53:33.947Z",
    "ipAddress": "::1",
    "customerId": "17635964139482906qqah4"
  },
  {
    "id": "1763596527993",
    "formId": "07632ca348f5e83db007f123d3309312",
    "data": {
      "1763596306515": "0345454545",
      "1763596292855": "tech"
    },
    "submittedAt": "2025-11-19T23:55:27.993Z",
    "ipAddress": "::1",
    "customerId": "1763596527994m88ffll0v"
  },
  {
    "id": "1763599641519p5eepg3wu",
    "formId": "dc4d40937876c5efa13c538e42cc3659",
    "data": {},
    "isDraft": true,
    "savedAt": "2025-11-20T00:47:21.519Z",
    "submittedBy": "lXCrQ8ob0POCqaX5ImiPmMNLYOm2",
    "ipAddress": "::1"
  }
]