[
  {
    "id": "2e15a6630d60f091a0bc7de1f93e6f7a",
    "userId": "9rQRaH76czbZQCJWG4KDp4ryW402",
    "title": "Untitled Form",
    "fields": [],
    "settings": {},
    "shareKey": "64783451ef0dbe56",
    "createdAt": "2025-11-20T01:55:22.735Z",
    "updatedAt": "2025-11-20T01:55:22.735Z"
  },
  {
    "id": "6b10b63fbc0a1a7bd31440f6e9617e52",
    "userId": "9rQRaH76czbZQCJWG4KDp4ryW402",
    "title": "Untitled Form",
    "fields": [
      {
        "id": "1764082931601",
        "type": "service-category",
        "label": "Service Category",
        "required": false,
        "placeholder": "",
        "allowMultipleCategories": true,
        "enablePriceInput": true,
        "options": [],
        "description": ""
      }
    ],
    "settings": {},
    "shareKey": "9f03b8f1532052fa",
    "createdAt": "2025-11-20T01:58:48.475Z",
    "updatedAt": "2025-11-25T15:03:27.811Z",
    "pages": [
      {
        "id": "1",
        "name": "Page 1",
        "order": 0
      }
    ],
    "views": 10,
    "lastViewedAt": "2025-11-25T15:03:34.530Z"
  },
  {
    "id": "f6b07b608d61bf32fc7463c7fcf584f5",
    "userId": "9rQRaH76czbZQCJWG4KDp4ryW402",
    "title": "Untitled Form",
    "fields": [],
    "settings": {},
    "shareKey": "f293b246132aa1b1",
    "createdAt": "2025-11-20T01:58:51.387Z",
    "updatedAt": "2025-11-20T01:58:51.387Z"
  }
]