[
  {
    "id": "2e15a6630d60f091a0bc7de1f93e6f7a",
    "userId": "9rQRaH76czbZQCJWG4KDp4ryW402",
    "title": "Untitled Form",
    "fields": [],
    "settings": {},
    "shareKey": "64783451ef0dbe56",
    "createdAt": "2025-11-20T01:55:22.735Z",
    "updatedAt": "2025-11-20T01:55:22.735Z"
  },
  {
    "id": "6b10b63fbc0a1a7bd31440f6e9617e52",
    "userId": "9rQRaH76czbZQCJWG4KDp4ryW402",
    "title": "Untitled Form",
    "fields": [
      {
        "id": "1764082931601",
        "type": "service-category",
        "label": "Service Category",
        "required": false,
        "placeholder": "",
        "allowMultipleCategories": true,
        "enablePriceInput": true,
        "options": [],
        "description": ""
      }
    ],
    "settings": {},
    "shareKey": "9f03b8f1532052fa",
    "createdAt": "2025-11-20T01:58:48.475Z",
    "updatedAt": "2025-11-25T15:03:27.811Z",
    "pages": [
      {
        "id": "1",
        "name": "Page 1",
        "order": 0
      }
    ],
    "views": 10,
    "lastViewedAt": "2025-11-25T15:03:34.530Z"
  },
  {
    "id": "f6b07b608d61bf32fc7463c7fcf584f5",
    "userId": "9rQRaH76czbZQCJWG4KDp4ryW402",
    "title": "Untitled Form",
    "fields": [],
    "settings": {},
    "shareKey": "f293b246132aa1b1",
    "createdAt": "2025-11-20T01:58:51.387Z",
    "updatedAt": "2025-11-20T01:58:51.387Z"
  },
  {
    "id": "895dda44781175f21d1cc0eace23abcc",
    "userId": "um4cLDNLpLfGNA7CeDGcZ2Fqpf23",
    "title": "Untitled Form",
    "fields": [],
    "settings": {},
    "shareKey": "75117ecc433f5751",
    "createdAt": "2025-11-27T16:30:56.386Z",
    "updatedAt": "2025-11-27T16:30:56.386Z"
  },
  {
    "id": "a4da3c5a231dcd738584603e50c9772f",
    "userId": "XoYGyszXnpTdJvhPHz4R9g3miFi1",
    "title": "Mumaz Landscaping LLC.",
    "fields": [
      {
        "id": "1763571115885",
        "type": "paragraph",
        "label": "When you submit this form, it will not automatically collect your details like name and email address unless you provide it yourself.",
        "required": false,
        "placeholder": "",
        "options": [],
        "description": "*Required\n"
      },
      {
        "id": "1763571138378",
        "type": "heading",
        "label": "Location",
        "required": false,
        "placeholder": "",
        "size": "24px",
        "color": "#1f2937",
        "align": "left",
        "options": [],
        "description": ""
      },
      {
        "id": "1763571151550",
        "type": "date-picker",
        "label": "Date Of Service:",
        "required": true,
        "placeholder": "",
        "options": [],
        "description": ""
      },
      {
        "id": "1763571171901",
        "type": "full-name",
        "label": "Client name: ",
        "required": false,
        "placeholder": "",
        "options": [],
        "description": ""
      },
      {
        "id": "1763571183255",
        "type": "email",
        "label": "Client Email: ",
        "required": false,
        "placeholder": "",
        "options": [],
        "description": ""
      },
      {
        "id": "1763571198265",
        "type": "address",
        "label": "Address",
        "required": false,
        "placeholder": "",
        "options": []
      },
      {
        "id": "1763571209068",
        "type": "time",
        "label": "Start Time",
        "required": false,
        "placeholder": "",
        "options": [],
        "description": ""
      },
      {
        "id": "1763571212987-break",
        "type": "page-break",
        "label": "Page Break",
        "required": false,
        "placeholder": ""
      },
      {
        "id": "1763571225469",
        "type": "heading",
        "label": "Services",
        "required": false,
        "placeholder": "",
        "size": "24px",
        "color": "#1f2937",
        "align": "left",
        "options": [],
        "description": "Which Services did you perform? \n"
      },
      {
        "id": "1763571246668",
        "type": "multiple-choice",
        "label": "Services",
        "required": false,
        "placeholder": "",
        "options": [
          "Mowing",
          "Trimming",
          "Blowing",
          "Mulching",
          "Planting",
          "Transplanting",
          "Edging",
          "Pruning & Trimming Shrubs And Trees",
          "De- Weeding",
          "1 Time Fertilization",
          "1 Time Weed Prevention",
          "Removal of old plants",
          "Core Aeration "
        ],
        "description": "",
        "allowOther": true,
        "otherLabel": "Other",
        "otherPlaceholder": "Please specify"
      },
      {
        "id": "1763571361474",
        "type": "multiple-choice",
        "label": "Spring Cleanup Tier Packages",
        "required": false,
        "placeholder": "",
        "options": [
          "#1 - Installation/Removal Shrubs, Ornamental Trees, Raking, Leaf Blowing, Picking up sticks. ",
          "#2 - All of the above plus Mowing and Disposal Fee (Haul away leaves etc.)",
          "#3 - All of the above plus - flowerbed services.  (bark mulch, de weeding, edging, dethatching, etc.)"
        ],
        "description": "",
        "allowOther": false,
        "otherLabel": "Other",
        "otherPlaceholder": "Please specify"
      },
      {
        "id": "1763571390278",
        "type": "multiple-choice",
        "label": "Fall Cleanup Teir Packages ",
        "required": false,
        "placeholder": "",
        "options": [
          "#1 - Raking And Leaf Blowing",
          "#2 - All of the above plus Flower bed maintenance. (Cutting Down perennials etc.) ",
          "#3 All of the above plus Winterization (opt in before October 1) "
        ],
        "description": "",
        "allowOther": false,
        "otherLabel": "Other",
        "otherPlaceholder": "Please specify"
      },
      {
        "id": "1763571444838",
        "type": "single-choice",
        "label": "Fertilization Packages",
        "required": false,
        "placeholder": "",
        "options": [
          "#1 Spring (April, May, June,)",
          "#2 Summer (July, August,)",
          "#3 Fall ( September, October,)",
          "All Season Purchase (Spring, Summer, Fall,)"
        ],
        "description": "",
        "allowOther": false,
        "otherLabel": "Other",
        "otherPlaceholder": "Please specify"
      },
      {
        "id": "1763571494729",
        "type": "multiple-choice",
        "label": "Winter Services",
        "required": false,
        "placeholder": "",
        "options": [
          "Snow Plowing - Residential ",
          "Deicng - Residential ",
          "Shovel / Snowblower Residential ",
          "Snow Plowing - Commercial ",
          "Deicing - Commercial ",
          "Shovel / Snowblower Commercial "
        ],
        "description": "",
        "allowOther": true,
        "otherLabel": "Other",
        "otherPlaceholder": "Please specify"
      },
      {
        "id": "1763571541245",
        "type": "short-text",
        "label": "Deicing Material ?",
        "required": false,
        "placeholder": "",
        "maxLength": 255,
        "options": [],
        "description": ""
      },
      {
        "id": "1763571549656",
        "type": "short-text",
        "label": "Materials used (if any) ",
        "required": false,
        "placeholder": "",
        "maxLength": 255,
        "options": [],
        "description": ""
      },
      {
        "id": "1763571557541",
        "type": "short-text",
        "label": "Pricing - List the prices for the selected services. ",
        "required": false,
        "placeholder": "",
        "maxLength": 255,
        "options": [],
        "description": ""
      },
      {
        "id": "1763571566265",
        "type": "long-text",
        "label": "Additional Details (This is a good note section for things to keep in mind.) ",
        "required": false,
        "placeholder": "",
        "rows": 4,
        "options": [],
        "description": ""
      },
      {
        "id": "1763571580779-break",
        "type": "page-break",
        "label": "Page Break",
        "required": false,
        "placeholder": ""
      },
      {
        "id": "1763571587552",
        "type": "heading",
        "label": "Final Step",
        "required": false,
        "placeholder": "",
        "size": "24px",
        "color": "#1f2937",
        "align": "left",
        "options": [],
        "description": "Use this section for job notes. \n"
      },
      {
        "id": "1763571601346",
        "type": "long-text",
        "label": "Materials Used ( if any)",
        "required": false,
        "placeholder": "",
        "rows": 4,
        "options": [],
        "description": ""
      },
      {
        "id": "1763571610542",
        "type": "long-text",
        "label": "Job Notes (This is a good section for things to keep in mind for next time.  Example, issues on site, any customer questions or requests, Future quote? etc.,.  ",
        "required": false,
        "placeholder": "",
        "rows": 4,
        "options": [],
        "description": ""
      },
      {
        "id": "1763571618827",
        "type": "long-text",
        "label": "Pricing (This is the most important step!) Example: \" Mowing $110. Blowing $150.",
        "required": false,
        "placeholder": "",
        "rows": 4,
        "options": [],
        "description": ""
      },
      {
        "id": "1763571626143",
        "type": "short-text",
        "label": "Finish Time",
        "required": false,
        "placeholder": "",
        "maxLength": 255,
        "options": [],
        "description": ""
      }
    ],
    "settings": {
      "showProgressBar": true,
      "showPreviewBeforeSubmit": true,
      "showStartPage": true,
      "startPageTitle": "Mumaz Landscaping LLC.",
      "allowMultipleSubmissions": true
    },
    "shareKey": "5206633a684c5773",
    "createdAt": "2025-11-27T16:52:43.146Z",
    "updatedAt": "2025-11-27T16:52:50.314Z",
    "pages": [
      {
        "id": "1",
        "name": "Page 1",
        "order": 0
      },
      {
        "id": "1763571212986",
        "name": "Page 2",
        "order": 1
      },
      {
        "id": "1763571580779",
        "name": "Page 3",
        "order": 2
      }
    ]
  },
  {
    "id": "2f253969e1bd5c5d65706c73137d4b63",
    "userId": "o8SLsXYPPKYgbmKguFADVdOPgay1",
    "title": "Untitled Form",
    "fields": [],
    "settings": {},
    "shareKey": "e368f5286cbcad1a",
    "createdAt": "2025-11-27T16:57:49.989Z",
    "updatedAt": "2025-11-27T16:57:49.989Z"
  },
  {
    "id": "4042a176c8bf432cb161f75aa544fbe2",
    "userId": "XoYGyszXnpTdJvhPHz4R9g3miFi1",
    "title": "Untitled Form",
    "fields": [],
    "settings": {},
    "shareKey": "f82b12bc43aba7ef",
    "createdAt": "2025-11-28T05:04:30.806Z",
    "updatedAt": "2025-11-28T05:04:30.806Z"
  },
  {
    "id": "81a35d7a7987dcf112a584bb9d486bbb",
    "userId": "RAeSirTsTzeBxgpyuG85cLw9RXk2",
    "title": "test",
    "fields": [
      {
        "id": "1764314530261",
        "type": "long-text",
        "label": "Long Text",
        "required": false,
        "placeholder": "",
        "rows": 4,
        "options": [],
        "description": ""
      }
    ],
    "settings": {},
    "shareKey": "c4d5baf1a82726ba",
    "createdAt": "2025-11-28T07:22:07.832Z",
    "updatedAt": "2025-11-28T07:22:12.037Z",
    "pages": [
      {
        "id": "1",
        "name": "Page 1",
        "order": 0
      }
    ]
  }
]