[
  {
    "id": "17635959054640nie81o06",
    "userId": "9rQRaH76czbZQCJWG4KDp4ryW402",
    "name": "test",
    "email": null,
    "phone": null,
    "address": null,
    "notes": null,
    "createdAt": "2025-11-19T23:45:05.464Z",
    "updatedAt": "2025-11-19T23:45:05.464Z",
    "lastSubmissionAt": "2025-11-19T23:45:05.464Z",
    "submissionCount": 1
  },
  {
    "id": "17635964139482906qqah4",
    "userId": "9rQRaH76czbZQCJWG4KDp4ryW402",
    "name": "iqbal",
    "email": null,
    "phone": null,
    "address": null,
    "notes": null,
    "createdAt": "2025-11-19T23:53:33.948Z",
    "updatedAt": "2025-11-19T23:53:33.948Z",
    "lastSubmissionAt": "2025-11-19T23:53:33.948Z",
    "submissionCount": 1
  },
  {
    "id": "1763596527994m88ffll0v",
    "userId": "9rQRaH76czbZQCJWG4KDp4ryW402",
    "name": "tech",
    "email": null,
    "phone": "0345454545",
    "address": null,
    "notes": null,
    "createdAt": "2025-11-19T23:55:27.994Z",
    "updatedAt": "2025-11-19T23:55:27.994Z",
    "lastSubmissionAt": "2025-11-19T23:55:27.994Z",
    "submissionCount": 1
  }
]