[
  {
    "id": "bb9a3449d01415c0996d8d6148006858",
    "userId": "F17cGO2cBeZasGVMPevwYfvHAg92",
    "title": "Untitled Form",
    "fields": [
      {
        "id": "1763501625712",
        "type": "short-text",
        "label": "Short Text",
        "required": false,
        "placeholder": "",
        "maxLength": 255,
        "options": [],
        "description": ""
      },
      {
        "id": "1763501626128",
        "type": "long-text",
        "label": "Long Text",
        "required": false,
        "placeholder": "",
        "rows": 4,
        "options": [],
        "description": ""
      },
      {
        "id": "1763501626421",
        "type": "dropdown",
        "label": "Dropdown",
        "required": false,
        "placeholder": "",
        "options": [
          "Option 1",
          "Option 2"
        ],
        "description": "",
        "rows": 4,
        "allowOther": false,
        "otherLabel": "Other",
        "otherPlaceholder": "Please specify"
      }
    ],
    "settings": {},
    "shareKey": "7ed5200d1fc71db1",
    "createdAt": "2025-11-18T21:33:29.786Z",
    "updatedAt": "2025-11-18T21:33:48.056Z",
    "pages": [
      {
        "id": "1",
        "name": "Page 1",
        "order": 0
      }
    ]
  },
  {
    "id": "3c09de9f73c4b171574934b72067a3b1",
    "userId": "F17cGO2cBeZasGVMPevwYfvHAg92",
    "title": "Untitled Form",
    "fields": [],
    "settings": {},
    "shareKey": "8caa6fbcfceff04c",
    "createdAt": "2025-11-18T21:36:58.015Z",
    "updatedAt": "2025-11-18T21:36:58.015Z"
  },
  {
    "id": "d6f59f1c35b19db5600ce972e768f000",
    "userId": "F17cGO2cBeZasGVMPevwYfvHAg92",
    "title": "Untitled Form",
    "fields": [],
    "settings": {},
    "shareKey": "0deb61f26138c59e",
    "createdAt": "2025-11-18T21:40:49.314Z",
    "updatedAt": "2025-11-18T21:40:49.314Z"
  },
  {
    "id": "322c88e1ff8d76d7a1a45c2ea634d621",
    "userId": "F17cGO2cBeZasGVMPevwYfvHAg92",
    "title": "Untitled Form",
    "fields": [],
    "settings": {},
    "shareKey": "7c60411ac82dc42c",
    "createdAt": "2025-11-18T21:47:48.685Z",
    "updatedAt": "2025-11-18T21:47:48.685Z"
  },
  {
    "id": "17c6f3d44a36cfe67beaaaee93d8558f",
    "userId": "j8ouzUAcJkUOcN9jm347UJ8DpX02",
    "title": "Untitled Form",
    "fields": [
      {
        "id": "1763507119664",
        "type": "short-text",
        "label": "Short Text",
        "required": false,
        "placeholder": "",
        "maxLength": 255,
        "options": [],
        "description": ""
      },
      {
        "id": "1763507120000",
        "type": "long-text",
        "label": "Long Text",
        "required": false,
        "placeholder": "",
        "rows": 4,
        "options": []
      },
      {
        "id": "1763507120312",
        "type": "dropdown",
        "label": "Dropdown",
        "required": false,
        "placeholder": "",
        "options": [
          "Option 1",
          "Option 2"
        ]
      }
    ],
    "settings": {},
    "shareKey": "d63ed4570cf68d0b",
    "createdAt": "2025-11-18T23:05:06.577Z",
    "updatedAt": "2025-11-18T23:05:23.569Z",
    "pages": [
      {
        "id": "1",
        "name": "Page 1",
        "order": 0
      }
    ]
  }
]