[
  {
    "id": "4ca89493-ebaa-4820-b384-e54aa2c2deca",
    "name": "Bark Mulch",
    "variantName": "",
    "quantityOnHand": 0,
    "type": "Non-Inventory",
    "hierarchy": "Single",
    "category": "Material",
    "sku": "",
    "price": 0,
    "createdAt": "2025-12-09T03:52:51.679Z"
  },
  {
    "id": "515ce41c-69ef-46cc-912d-45a303c7c7d2",
    "name": "Compost Mix",
    "variantName": "",
    "quantityOnHand": 0,
    "type": "Non-Inventory",
    "hierarchy": "Single",
    "category": "Material",
    "sku": "",
    "price": 0,
    "createdAt": "2025-12-09T03:52:51.679Z"
  },
  {
    "id": "c420334d-e39a-4a07-8f9b-3ce12c47a32f",
    "name": "Decorative Materials",
    "variantName": "",
    "quantityOnHand": 0,
    "type": "Non-Inventory",
    "hierarchy": "Single",
    "category": "Material",
    "sku": "",
    "price": 0,
    "createdAt": "2025-12-09T03:52:51.679Z"
  },
  {
    "id": "b1a332b2-7132-445a-a3a4-b5c43e978886",
    "name": "De-icing Materials",
    "variantName": "",
    "quantityOnHand": 0,
    "type": "Non-Inventory",
    "hierarchy": "Single",
    "category": "Winter Services",
    "sku": "",
    "price": 0,
    "createdAt": "2025-12-09T03:52:51.679Z"
  },
  {
    "id": "b714b10d-5215-4f11-839a-cc95e61154d8",
    "name": "Disposal Fee",
    "variantName": "",
    "quantityOnHand": 0,
    "type": "Non-Inventory",
    "hierarchy": "Single",
    "category": "Lawn Care Maintenance",
    "sku": "",
    "price": 0,
    "createdAt": "2025-12-09T03:52:51.679Z"
  },
  {
    "id": "c116f12c-c3b8-4e85-bcaa-f8b6be085bba",
    "name": "Equipment Rental.",
    "variantName": "",
    "quantityOnHand": 0,
    "type": "Non-Inventory",
    "hierarchy": "Single",
    "category": "Equipment",
    "sku": "",
    "price": 0,
    "createdAt": "2025-12-09T03:52:51.679Z"
  },
  {
    "id": "ca6ddfd8-978b-4a4e-8160-acd13786157a",
    "name": "Fertilization Materials",
    "variantName": "",
    "quantityOnHand": 0,
    "type": "Non-Inventory",
    "hierarchy": "Single",
    "category": "Material",
    "sku": "",
    "price": 0,
    "createdAt": "2025-12-09T03:52:51.679Z"
  },
  {
    "id": "e5ba0569-82b2-44a9-a3fe-d6e28712d823",
    "name": "Landscape Fabric",
    "variantName": "",
    "quantityOnHand": 0,
    "type": "Non-Inventory",
    "hierarchy": "Single",
    "category": "Material",
    "sku": "",
    "price": 0,
    "createdAt": "2025-12-09T03:52:51.679Z"
  },
  {
    "id": "ad4d37cb-2558-42a2-a083-92b4035feeda",
    "name": "Landscape Mix 50lb",
    "variantName": "",
    "quantityOnHand": 0,
    "type": "Non-Inventory",
    "hierarchy": "Single",
    "category": "SEED",
    "sku": "",
    "price": 0,
    "createdAt": "2025-12-09T03:52:51.679Z"
  },
  {
    "id": "09c18068-0a55-4659-ba78-029f2a352c73",
    "name": "Landscape Staples",
    "variantName": "",
    "quantityOnHand": 0,
    "type": "Non-Inventory",
    "hierarchy": "Single",
    "category": "Material",
    "sku": "",
    "price": 0,
    "createdAt": "2025-12-09T03:52:51.679Z"
  },
  {
    "id": "abd6b201-7749-45a9-ad5d-b7653d51625c",
    "name": "Lawn Seed & Loam",
    "variantName": "",
    "quantityOnHand": 0,
    "type": "Non-Inventory",
    "hierarchy": "Single",
    "category": "Material",
    "sku": "",
    "price": 0,
    "createdAt": "2025-12-09T03:52:51.679Z"
  },
  {
    "id": "f6e9e934-0529-4ed9-82a2-c06d04c29415",
    "name": "Metal Edging Material",
    "variantName": "",
    "quantityOnHand": 0,
    "type": "Non-Inventory",
    "hierarchy": "Single",
    "category": "Material",
    "sku": "",
    "price": 0,
    "createdAt": "2025-12-09T03:52:51.680Z"
  },
  {
    "id": "02522825-f759-4a7b-82ea-4f3640ad8b2c",
    "name": "Monthly Contract Fee",
    "variantName": "",
    "quantityOnHand": 0,
    "type": "Non-Inventory",
    "hierarchy": "Single",
    "category": "",
    "sku": "",
    "price": 0,
    "createdAt": "2025-12-09T03:52:51.680Z"
  },
  {
    "id": "e81fdb16-0eec-4686-94eb-567175538143",
    "name": "STIHL KM131R Power Head with Attachments",
    "variantName": "",
    "quantityOnHand": 0,
    "type": "Non-Inventory",
    "hierarchy": "Single",
    "category": "Equipment",
    "sku": "",
    "price": 0,
    "createdAt": "2025-12-09T03:52:51.680Z"
  },
  {
    "id": "379f84ba-1cfa-4337-a127-bf58bf9c9b6a",
    "name": "Stump Grinder 13 HP (Toro SGR13) small/shrub stumps",
    "variantName": "",
    "quantityOnHand": 0,
    "type": "Non-Inventory",
    "hierarchy": "Single",
    "category": "Machine Rental",
    "sku": "",
    "price": 0,
    "createdAt": "2025-12-09T03:52:51.680Z"
  },
  {
    "id": "cccdc65d-6903-40dd-a781-33e7d0de0a21",
    "name": "Topsoil & Over-seeding Materials",
    "variantName": "",
    "quantityOnHand": 0,
    "type": "Non-Inventory",
    "hierarchy": "Single",
    "category": "Material",
    "sku": "",
    "price": 0,
    "createdAt": "2025-12-09T03:52:51.680Z"
  }
]