[
  {
    "id": "815eeb48-d6d9-4b67-aaaa-c6249fc2ad80",
    "createdAt": "2025-12-09T03:47:50.215Z",
    "name": "hj",
    "description": "",
    "price": "6",
    "category": "Lawn Care",
    "unit": "per visit"
  },
  {
    "id": "9f2419d4-3480-45dc-972e-7978051a2c84",
    "createdAt": "2025-12-09T03:50:49.943Z",
    "name": "Test Service UI",
    "description": "",
    "price": "50",
    "category": "General",
    "unit": "per visit"
  },
  {
    "id": "ca8ee66e-3a7e-4859-8a2c-ddd6db6569f6",
    "name": "Annual Commercial Contract Fee",
    "variantName": "",
    "quantityOnHand": 0,
    "type": "Service",
    "hierarchy": "Single",
    "category": "Premium Lawn Care Contract",
    "sku": "",
    "price": 0,
    "createdAt": "2025-12-09T03:52:51.678Z"
  },
  {
    "id": "58fa5062-7e22-4d68-b79a-311d95077692",
    "name": "Application",
    "variantName": "",
    "quantityOnHand": 0,
    "type": "Service",
    "hierarchy": "Single",
    "category": "Material",
    "sku": "",
    "price": 0,
    "createdAt": "2025-12-09T03:52:51.679Z"
  },
  {
    "id": "bdf9c755-26c4-496d-8fa7-0ddb9b557f33",
    "name": "Bark Mulch Labor",
    "variantName": "",
    "quantityOnHand": 0,
    "type": "Service",
    "hierarchy": "Single",
    "category": "Lawn Care Maintenance",
    "sku": "",
    "price": 0,
    "createdAt": "2025-12-09T03:52:51.679Z"
  },
  {
    "id": "b31033ca-c1fe-4f07-a73a-49a53c02eec9",
    "name": "Bark Mulch Services",
    "variantName": "",
    "quantityOnHand": 0,
    "type": "Bundle",
    "hierarchy": "Parent",
    "category": "",
    "sku": "",
    "price": 0,
    "createdAt": "2025-12-09T03:52:51.679Z"
  },
  {
    "id": "3237f0e5-3369-4923-b0d1-5a4e72acd071",
    "name": "Compost Mix Labor",
    "variantName": "",
    "quantityOnHand": 0,
    "type": "Service",
    "hierarchy": "Single",
    "category": "Lawn Care Maintenance",
    "sku": "",
    "price": 0,
    "createdAt": "2025-12-09T03:52:51.679Z"
  },
  {
    "id": "f9252733-29a2-48b4-acaf-5875db42467e",
    "name": "Compost Mix Services",
    "variantName": "",
    "quantityOnHand": 0,
    "type": "Bundle",
    "hierarchy": "Parent",
    "category": "",
    "sku": "",
    "price": 0,
    "createdAt": "2025-12-09T03:52:51.679Z"
  },
  {
    "id": "8431546d-60a4-4019-8a68-f87ed7e5215a",
    "name": "Core Aeration",
    "variantName": "",
    "quantityOnHand": 0,
    "type": "Service",
    "hierarchy": "Single",
    "category": "Lawn Care",
    "sku": "",
    "price": 0,
    "createdAt": "2025-12-09T03:52:51.679Z"
  },
  {
    "id": "9d80a007-bece-4d1c-b11d-0417d7924ab0",
    "name": "Core Aeration Tier 1 Services",
    "variantName": "",
    "quantityOnHand": 0,
    "type": "Bundle",
    "hierarchy": "Parent",
    "category": "",
    "sku": "",
    "price": 0,
    "createdAt": "2025-12-09T03:52:51.679Z"
  },
  {
    "id": "f43d77ec-a011-4fb5-9257-91eca8ff5008",
    "name": "Core Aeration Tier 2 Services",
    "variantName": "",
    "quantityOnHand": 0,
    "type": "Bundle",
    "hierarchy": "Parent",
    "category": "",
    "sku": "",
    "price": 0,
    "createdAt": "2025-12-09T03:52:51.679Z"
  },
  {
    "id": "455c0c15-88ff-4daa-9497-b69269507e13",
    "name": "Core Aeration Tier 3 Services",
    "variantName": "",
    "quantityOnHand": 0,
    "type": "Bundle",
    "hierarchy": "Parent",
    "category": "",
    "sku": "",
    "price": 0,
    "createdAt": "2025-12-09T03:52:51.679Z"
  },
  {
    "id": "6eb2983a-a38b-4ee8-9ef1-eac6f3cefcab",
    "name": "Decorative Material Labor",
    "variantName": "",
    "quantityOnHand": 0,
    "type": "Service",
    "hierarchy": "Single",
    "category": "Lawn Care Maintenance",
    "sku": "",
    "price": 0,
    "createdAt": "2025-12-09T03:52:51.679Z"
  },
  {
    "id": "ffa5c4c4-f134-48a5-bfb1-7e6e2c199c7c",
    "name": "De-icing Labor",
    "variantName": "",
    "quantityOnHand": 0,
    "type": "Service",
    "hierarchy": "Single",
    "category": "Winter Services",
    "sku": "",
    "price": 0,
    "createdAt": "2025-12-09T03:52:51.679Z"
  },
  {
    "id": "8db596ed-ee04-41a8-8870-8777017813ab",
    "name": "De-icing Services",
    "variantName": "",
    "quantityOnHand": 0,
    "type": "Bundle",
    "hierarchy": "Parent",
    "category": "",
    "sku": "",
    "price": 0,
    "createdAt": "2025-12-09T03:52:51.679Z"
  },
  {
    "id": "f3e90d1d-6aef-4a1e-b80d-3d3b9737139c",
    "name": "Dethatching Labor",
    "variantName": "",
    "quantityOnHand": 0,
    "type": "Service",
    "hierarchy": "Single",
    "category": "Lawn Care Maintenance",
    "sku": "",
    "price": 0,
    "createdAt": "2025-12-09T03:52:51.679Z"
  },
  {
    "id": "03aba0e6-c19d-48d2-a12d-97975c066738",
    "name": "Dethatching Services",
    "variantName": "",
    "quantityOnHand": 0,
    "type": "Bundle",
    "hierarchy": "Parent",
    "category": "",
    "sku": "",
    "price": 0,
    "createdAt": "2025-12-09T03:52:51.679Z"
  },
  {
    "id": "9c326521-0902-4654-974c-ff67e72ca5c7",
    "name": "Edging",
    "variantName": "",
    "quantityOnHand": 0,
    "type": "Service",
    "hierarchy": "Single",
    "category": "Lawn Care Maintenance",
    "sku": "",
    "price": 0,
    "createdAt": "2025-12-09T03:52:51.679Z"
  },
  {
    "id": "ceb5de30-236d-4de1-a33d-f827d2e317e5",
    "name": "Fall Property Clean-Up Tier 1",
    "variantName": "",
    "quantityOnHand": 0,
    "type": "Bundle",
    "hierarchy": "Parent",
    "category": "",
    "sku": "",
    "price": 0,
    "createdAt": "2025-12-09T03:52:51.679Z"
  },
  {
    "id": "88bcda68-5111-4399-b84c-d4e817f0e559",
    "name": "Fall Property Clean-Up Tier 2",
    "variantName": "",
    "quantityOnHand": 0,
    "type": "Bundle",
    "hierarchy": "Parent",
    "category": "",
    "sku": "",
    "price": 0,
    "createdAt": "2025-12-09T03:52:51.679Z"
  },
  {
    "id": "f0a3b723-fa18-456b-aff0-c30009bfb733",
    "name": "Fall Property Clean-Up Tier 3",
    "variantName": "",
    "quantityOnHand": 0,
    "type": "Bundle",
    "hierarchy": "Parent",
    "category": "",
    "sku": "",
    "price": 0,
    "createdAt": "2025-12-09T03:52:51.679Z"
  },
  {
    "id": "14a9ec11-2410-4193-84d8-f8cf6dedd5fb",
    "name": "Fall Property Clean-Up Tier 4",
    "variantName": "",
    "quantityOnHand": 0,
    "type": "Bundle",
    "hierarchy": "Parent",
    "category": "",
    "sku": "",
    "price": 0,
    "createdAt": "2025-12-09T03:52:51.679Z"
  },
  {
    "id": "93237549-6616-42a1-ad89-3852c0365975",
    "name": "Fertilization Services",
    "variantName": "",
    "quantityOnHand": 0,
    "type": "Bundle",
    "hierarchy": "Parent",
    "category": "",
    "sku": "",
    "price": 0,
    "createdAt": "2025-12-09T03:52:51.679Z"
  },
  {
    "id": "9f08d70f-48f8-4a4b-8587-43a0836a8e94",
    "name": "Flower Bed Maintenance",
    "variantName": "",
    "quantityOnHand": 0,
    "type": "Service",
    "hierarchy": "Single",
    "category": "Lawn Care Maintenance",
    "sku": "",
    "price": 0,
    "createdAt": "2025-12-09T03:52:51.679Z"
  },
  {
    "id": "2d6e0ac6-b7b6-43bd-8a87-73932feef866",
    "name": "Fuel Charge",
    "variantName": "",
    "quantityOnHand": 0,
    "type": "Service",
    "hierarchy": "Single",
    "category": "",
    "sku": "Fuel Charge",
    "price": 0,
    "createdAt": "2025-12-09T03:52:51.679Z"
  },
  {
    "id": "b0bfd686-3286-41a9-b64d-efbd8a5a05e5",
    "name": "Hours",
    "variantName": "",
    "quantityOnHand": 0,
    "type": "Service",
    "hierarchy": "Single",
    "category": "",
    "sku": "",
    "price": 0,
    "createdAt": "2025-12-09T03:52:51.679Z"
  },
  {
    "id": "9f830f5b-c0b4-4334-a7f3-dfbcb93be7ae",
    "name": "Installations",
    "variantName": "",
    "quantityOnHand": 0,
    "type": "Service",
    "hierarchy": "Single",
    "category": "Lawn Care Maintenance",
    "sku": "",
    "price": 0,
    "createdAt": "2025-12-09T03:52:51.679Z"
  },
  {
    "id": "94f03e4c-4e30-49a4-b27c-147ddea1e414",
    "name": "Landscape Mix 25lb",
    "variantName": "",
    "quantityOnHand": 0,
    "type": "Service",
    "hierarchy": "Single",
    "category": "SEED",
    "sku": "",
    "price": 0,
    "createdAt": "2025-12-09T03:52:51.679Z"
  },
  {
    "id": "d09fff20-1482-4d05-854d-342049e91605",
    "name": "Landscape Project",
    "variantName": "",
    "quantityOnHand": 0,
    "type": "Service",
    "hierarchy": "Single",
    "category": "Landscape Design",
    "sku": "",
    "price": 0,
    "createdAt": "2025-12-09T03:52:51.679Z"
  },
  {
    "id": "3a1efec3-f2e2-4cf1-aaf5-44a5aba9b946",
    "name": "Landscaping",
    "variantName": "",
    "quantityOnHand": 0,
    "type": "Service",
    "hierarchy": "Single",
    "category": "Lawn Care",
    "sku": "",
    "price": 0,
    "createdAt": "2025-12-09T03:52:51.679Z"
  },
  {
    "id": "8fa71d32-5dea-4ebe-8984-0ff1019bd4ce",
    "name": "Late fee",
    "variantName": "",
    "quantityOnHand": 0,
    "type": "Service",
    "hierarchy": "Single",
    "category": "",
    "sku": "",
    "price": 0,
    "createdAt": "2025-12-09T03:52:51.679Z"
  },
  {
    "id": "cdddc7c0-8a84-482e-a18b-387f155c3fab",
    "name": "Lawn Care Contract",
    "variantName": "",
    "quantityOnHand": 0,
    "type": "Service",
    "hierarchy": "Single",
    "category": "Premium Lawn Care Contract",
    "sku": "",
    "price": 0,
    "createdAt": "2025-12-09T03:52:51.679Z"
  },
  {
    "id": "dd5f610e-bfaa-4fba-8e1e-2260741473af",
    "name": "Lawn Fertilization",
    "variantName": "",
    "quantityOnHand": 0,
    "type": "Service",
    "hierarchy": "Single",
    "category": "Lawn Care Maintenance",
    "sku": "",
    "price": 0,
    "createdAt": "2025-12-09T03:52:51.679Z"
  },
  {
    "id": "5bdf21be-cc3c-4aed-82ef-ef72d803c946",
    "name": "Lawn Mowing Labor",
    "variantName": "",
    "quantityOnHand": 0,
    "type": "Service",
    "hierarchy": "Single",
    "category": "Lawn Care Maintenance",
    "sku": "",
    "price": 0,
    "createdAt": "2025-12-09T03:52:51.679Z"
  },
  {
    "id": "004820d8-ea71-4434-bf41-0875632c9d89",
    "name": "Leaf Clean Up Labor",
    "variantName": "",
    "quantityOnHand": 0,
    "type": "Service",
    "hierarchy": "Single",
    "category": "Lawn Care Maintenance",
    "sku": "",
    "price": 0,
    "createdAt": "2025-12-09T03:52:51.679Z"
  },
  {
    "id": "4c22c4a7-4a50-454d-a081-188ba7fad107",
    "name": "Loam & Compost (Option 2)",
    "variantName": "",
    "quantityOnHand": 0,
    "type": "Service",
    "hierarchy": "Single",
    "category": "Loam Mix",
    "sku": "",
    "price": 0,
    "createdAt": "2025-12-09T03:52:51.679Z"
  },
  {
    "id": "e2829b39-d1b7-4544-8516-bdc388779aec",
    "name": "Loam & Sand (Option 1)",
    "variantName": "",
    "quantityOnHand": 0,
    "type": "Service",
    "hierarchy": "Single",
    "category": "Loam Mix",
    "sku": "",
    "price": 0,
    "createdAt": "2025-12-09T03:52:51.679Z"
  },
  {
    "id": "de4c04ae-f1ea-4c52-a281-6c37ced141a1",
    "name": "Loam & Seed Labor",
    "variantName": "",
    "quantityOnHand": 0,
    "type": "Service",
    "hierarchy": "Single",
    "category": "Lawn Care Maintenance",
    "sku": "",
    "price": 0,
    "createdAt": "2025-12-09T03:52:51.680Z"
  },
  {
    "id": "8fc190e2-6de6-47a2-bf61-635149f4a249",
    "name": "Material Delivery Fee",
    "variantName": "",
    "quantityOnHand": 0,
    "type": "Service",
    "hierarchy": "Single",
    "category": "",
    "sku": "",
    "price": 0,
    "createdAt": "2025-12-09T03:52:51.680Z"
  },
  {
    "id": "fb0633eb-9771-465e-8f1b-2686feb3d67a",
    "name": "Miscellaneous",
    "variantName": "",
    "quantityOnHand": 0,
    "type": "Service",
    "hierarchy": "Single",
    "category": "Operation Cost",
    "sku": "",
    "price": 0,
    "createdAt": "2025-12-09T03:52:51.680Z"
  },
  {
    "id": "30dc9eb6-cb7a-4d12-a26b-1f5ca95d2f40",
    "name": "Mowing & Leaves",
    "variantName": "",
    "quantityOnHand": 0,
    "type": "Service",
    "hierarchy": "Single",
    "category": "Lawn Care Maintenance",
    "sku": "",
    "price": 0,
    "createdAt": "2025-12-09T03:52:51.680Z"
  },
  {
    "id": "ec067435-7907-467f-97d4-12ef2fcfe0f4",
    "name": "Mowing Visits",
    "variantName": "",
    "quantityOnHand": 0,
    "type": "Service",
    "hierarchy": "Single",
    "category": "Lawn Care Maintenance",
    "sku": "",
    "price": 0,
    "createdAt": "2025-12-09T03:52:51.680Z"
  },
  {
    "id": "37483d80-1fa1-4d54-a3a1-41342255c78c",
    "name": "Premium Winter Buy-In Program (One-Time Annual Fee)",
    "variantName": "",
    "quantityOnHand": 0,
    "type": "Service",
    "hierarchy": "Single",
    "category": "Winter Services",
    "sku": "",
    "price": 0,
    "createdAt": "2025-12-09T03:52:51.680Z"
  },
  {
    "id": "bc2c1527-09e9-49fc-9440-a4801ed2cec7",
    "name": "Salting",
    "variantName": "",
    "quantityOnHand": 0,
    "type": "Service",
    "hierarchy": "Single",
    "category": "Winter Services",
    "sku": "",
    "price": 0,
    "createdAt": "2025-12-09T03:52:51.680Z"
  },
  {
    "id": "d8514806-836d-4e1f-a7fd-5bef47cdf7e3",
    "name": "Salt Roads & Walks",
    "variantName": "",
    "quantityOnHand": 0,
    "type": "Service",
    "hierarchy": "Single",
    "category": "Seasonal Services",
    "sku": "",
    "price": 0,
    "createdAt": "2025-12-09T03:52:51.680Z"
  },
  {
    "id": "4c4a9802-e1ad-44bd-995e-d4d3282db309",
    "name": "Sand Cleanup",
    "variantName": "",
    "quantityOnHand": 0,
    "type": "Service",
    "hierarchy": "Single",
    "category": "",
    "sku": "",
    "price": 0,
    "createdAt": "2025-12-09T03:52:51.680Z"
  },
  {
    "id": "507e878d-fd12-45cc-aafa-16b7bba296fd",
    "name": "Sand/Salt Removal",
    "variantName": "",
    "quantityOnHand": 0,
    "type": "Service",
    "hierarchy": "Single",
    "category": "Lawn Care Maintenance",
    "sku": "",
    "price": 0,
    "createdAt": "2025-12-09T03:52:51.680Z"
  },
  {
    "id": "22c99a4d-cd06-4402-923c-7ecead37fc93",
    "name": "Screened Fill",
    "variantName": "",
    "quantityOnHand": 0,
    "type": "Service",
    "hierarchy": "Single",
    "category": "Loam Mix",
    "sku": "",
    "price": 0,
    "createdAt": "2025-12-09T03:52:51.680Z"
  },
  {
    "id": "46d00d66-b7dc-49c8-bfd7-6cb6546ac2c0",
    "name": "Seasonal Lawn Fertilization Program",
    "variantName": "",
    "quantityOnHand": 0,
    "type": "Service",
    "hierarchy": "Single",
    "category": "Lawn Care Maintenance",
    "sku": "",
    "price": 0,
    "createdAt": "2025-12-09T03:52:51.680Z"
  },
  {
    "id": "6b799bf4-6620-4df6-a630-cf6f64d1b835",
    "name": "Services",
    "variantName": "",
    "quantityOnHand": 0,
    "type": "Service",
    "hierarchy": "Single",
    "category": "Lawn Care Maintenance",
    "sku": "",
    "price": 0,
    "createdAt": "2025-12-09T03:52:51.680Z"
  },
  {
    "id": "1af1467b-9642-4534-a4e3-435ce8b55691",
    "name": "Services",
    "variantName": "",
    "quantityOnHand": 0,
    "type": "Service",
    "hierarchy": "Single",
    "category": "",
    "sku": "",
    "price": 0,
    "createdAt": "2025-12-09T03:52:51.680Z"
  },
  {
    "id": "630d97a7-dfdc-4708-833a-3cae2147417f",
    "name": "Shoveling",
    "variantName": "",
    "quantityOnHand": 0,
    "type": "Service",
    "hierarchy": "Single",
    "category": "Winter Services",
    "sku": "",
    "price": 0,
    "createdAt": "2025-12-09T03:52:51.680Z"
  },
  {
    "id": "2c639215-afce-4478-9cfe-519faeeb8482",
    "name": "Shrubs/Ornamental trees",
    "variantName": "",
    "quantityOnHand": 0,
    "type": "Service",
    "hierarchy": "Single",
    "category": "Lawn Care Maintenance",
    "sku": "",
    "price": 0,
    "createdAt": "2025-12-09T03:52:51.680Z"
  },
  {
    "id": "12d7c5cb-bba2-4162-8e08-5c8b59890fd6",
    "name": "Shrubs/Ornamental trees (Labor)",
    "variantName": "",
    "quantityOnHand": 0,
    "type": "Service",
    "hierarchy": "Single",
    "category": "Lawn Care Maintenance",
    "sku": "",
    "price": 0,
    "createdAt": "2025-12-09T03:52:51.680Z"
  },
  {
    "id": "bc0f3483-61f0-43c6-9126-7f21145101f1",
    "name": "Snow Plow Roads & Walks",
    "variantName": "",
    "quantityOnHand": 0,
    "type": "Service",
    "hierarchy": "Single",
    "category": "Seasonal Services",
    "sku": "",
    "price": 0,
    "createdAt": "2025-12-09T03:52:51.680Z"
  },
  {
    "id": "3e6e8824-56cf-4c5e-abf5-b21d7432ea5a",
    "name": "Snow Plow Tier 1 Services",
    "variantName": "",
    "quantityOnHand": 0,
    "type": "Bundle",
    "hierarchy": "Parent",
    "category": "",
    "sku": "",
    "price": 0,
    "createdAt": "2025-12-09T03:52:51.680Z"
  },
  {
    "id": "f5324a10-1d8d-48c9-a3ba-df322a84437d",
    "name": "Snow Plow Tier 2 Services",
    "variantName": "",
    "quantityOnHand": 0,
    "type": "Bundle",
    "hierarchy": "Parent",
    "category": "",
    "sku": "",
    "price": 0,
    "createdAt": "2025-12-09T03:52:51.680Z"
  },
  {
    "id": "70bbc574-d889-4b07-a0d6-6fc74486a234",
    "name": "Snow Plow Tier 3 Services",
    "variantName": "",
    "quantityOnHand": 0,
    "type": "Bundle",
    "hierarchy": "Parent",
    "category": "",
    "sku": "",
    "price": 0,
    "createdAt": "2025-12-09T03:52:51.680Z"
  },
  {
    "id": "6c30dadd-40d7-422f-bd4d-614b2a31a331",
    "name": "Snow Removal",
    "variantName": "",
    "quantityOnHand": 0,
    "type": "Service",
    "hierarchy": "Single",
    "category": "Winter Services",
    "sku": "",
    "price": 0,
    "createdAt": "2025-12-09T03:52:51.680Z"
  },
  {
    "id": "71b36d9c-5f42-4cdc-80ff-90e97e2b4692",
    "name": "Spring Cleanup",
    "variantName": "",
    "quantityOnHand": 0,
    "type": "Service",
    "hierarchy": "Single",
    "category": "Property Clean Ups",
    "sku": "",
    "price": 0,
    "createdAt": "2025-12-09T03:52:51.680Z"
  },
  {
    "id": "a8620e69-0378-4b8b-9b87-ca8d70b6bee4",
    "name": "Spring Clean Ups",
    "variantName": "",
    "quantityOnHand": 0,
    "type": "Service",
    "hierarchy": "Single",
    "category": "Lawn Care Maintenance",
    "sku": "",
    "price": 0,
    "createdAt": "2025-12-09T03:52:51.680Z"
  },
  {
    "id": "c27bfe63-b383-4770-a796-82f01ca379a0",
    "name": "Spring Cleanup Tier 1",
    "variantName": "",
    "quantityOnHand": 0,
    "type": "Bundle",
    "hierarchy": "Parent",
    "category": "",
    "sku": "",
    "price": 0,
    "createdAt": "2025-12-09T03:52:51.680Z"
  },
  {
    "id": "fbb1d663-c90f-4023-8b33-4bec67da9654",
    "name": "Spring Cleanup Tier 2",
    "variantName": "",
    "quantityOnHand": 0,
    "type": "Bundle",
    "hierarchy": "Parent",
    "category": "",
    "sku": "",
    "price": 0,
    "createdAt": "2025-12-09T03:52:51.680Z"
  },
  {
    "id": "997fe8e7-b85b-4bf4-b87b-421877206385",
    "name": "Spring Cleanup Tier 3",
    "variantName": "",
    "quantityOnHand": 0,
    "type": "Bundle",
    "hierarchy": "Parent",
    "category": "",
    "sku": "",
    "price": 0,
    "createdAt": "2025-12-09T03:52:51.680Z"
  },
  {
    "id": "e187fc32-23e2-455d-92b4-4c1c5a27305a",
    "name": "Spring Cleanup Tier 4",
    "variantName": "",
    "quantityOnHand": 0,
    "type": "Bundle",
    "hierarchy": "Parent",
    "category": "",
    "sku": "",
    "price": 0,
    "createdAt": "2025-12-09T03:52:51.680Z"
  },
  {
    "id": "99a56179-efaa-4b0d-8670-4deef1621f1b",
    "name": "Stump Grinder 13 HP (Toro SGR13)",
    "variantName": "",
    "quantityOnHand": 0,
    "type": "Service",
    "hierarchy": "Single",
    "category": "Lawn Care Maintenance",
    "sku": "",
    "price": 0,
    "createdAt": "2025-12-09T03:52:51.680Z"
  },
  {
    "id": "8403d643-48a9-43db-b362-c4d1f4e52633",
    "name": "Topsoil & Over-seeding Labor",
    "variantName": "",
    "quantityOnHand": 0,
    "type": "Service",
    "hierarchy": "Single",
    "category": "Lawn Care Maintenance",
    "sku": "",
    "price": 0,
    "createdAt": "2025-12-09T03:52:51.680Z"
  },
  {
    "id": "58fa39c0-968b-4b06-8f17-d77253079e6e",
    "name": "Topsoil & Sand (Option 3)",
    "variantName": "",
    "quantityOnHand": 0,
    "type": "Service",
    "hierarchy": "Single",
    "category": "Loam Mix",
    "sku": "",
    "price": 0,
    "createdAt": "2025-12-09T03:52:51.680Z"
  },
  {
    "id": "73f5854d-8464-4f1a-99c9-32fb9d614953",
    "name": "Travel Fee",
    "variantName": "",
    "quantityOnHand": 0,
    "type": "Service",
    "hierarchy": "Single",
    "category": "",
    "sku": "",
    "price": 0,
    "createdAt": "2025-12-09T03:52:51.680Z"
  },
  {
    "id": "42d357ac-c331-45a2-ba57-f0c6132e6612",
    "name": "Tree & Shrub Landscape",
    "variantName": "",
    "quantityOnHand": 0,
    "type": "Service",
    "hierarchy": "Single",
    "category": "Weed Control/Prevention",
    "sku": "",
    "price": 0,
    "createdAt": "2025-12-09T03:52:51.680Z"
  },
  {
    "id": "c7e606f4-92f9-4b44-b526-a94455e921a6",
    "name": "Trimming and/or Pruning",
    "variantName": "",
    "quantityOnHand": 0,
    "type": "Service",
    "hierarchy": "Single",
    "category": "Trimming & Pruning",
    "sku": "",
    "price": 0,
    "createdAt": "2025-12-09T03:52:51.680Z"
  },
  {
    "id": "bda019ee-4d9b-45ff-a0da-8209a00e35fa",
    "name": "TrueComplete",
    "variantName": "",
    "quantityOnHand": 0,
    "type": "Service",
    "hierarchy": "Single",
    "category": "Weed Control/Prevention",
    "sku": "",
    "price": 0,
    "createdAt": "2025-12-09T03:52:51.680Z"
  },
  {
    "id": "d47d22ed-f688-42e0-ae1e-d9aac2dda52a",
    "name": "Weed Control/Prevention",
    "variantName": "",
    "quantityOnHand": 0,
    "type": "Service",
    "hierarchy": "Single",
    "category": "Lawn Care Maintenance",
    "sku": "",
    "price": 0,
    "createdAt": "2025-12-09T03:52:51.680Z"
  },
  {
    "id": "05d2e9ce-11e9-41c1-b326-37ba90fe736c",
    "name": "Winter Snow Removal Services",
    "variantName": "",
    "quantityOnHand": 0,
    "type": "Bundle",
    "hierarchy": "Parent",
    "category": "",
    "sku": "",
    "price": 0,
    "createdAt": "2025-12-09T03:52:51.680Z"
  },
  {
    "id": "35107b50-59d8-420f-91e2-a3606751ce47",
    "createdAt": "2025-12-09T05:12:31.800Z",
    "name": "Soil Amending",
    "price": 60,
    "unit": "per yard",
    "description": "Compost added to beds",
    "category": "Beds, Gardens & Mulch"
  },
  {
    "id": "c0722058-acb2-4061-9d89-28700c49679a",
    "createdAt": "2025-12-09T05:13:32.238Z",
    "name": "test",
    "description": "",
    "price": "0",
    "category": "Beds, Gardens & Mulch",
    "unit": "per visit"
  },
  {
    "id": "1d357867-e13f-4c11-8c1b-d8826e42df1d",
    "createdAt": "2025-12-09T05:19:58.273Z",
    "name": "hh",
    "description": "",
    "price": "0",
    "category": "Beds, Gardens & Mulch",
    "unit": "per visit"
  },
  {
    "id": "6bf1673e-1cb2-4400-a517-beb312a652b0",
    "createdAt": "2025-12-09T05:23:35.476Z",
    "name": "Lawn Mowing",
    "price": 45,
    "unit": "per visit",
    "description": "Standard lawn mowing service",
    "category": "Lawn / Turf Care"
  },
  {
    "id": "e1455935-465e-4589-adc3-c0962bbe8e65",
    "createdAt": "2025-12-09T05:23:35.481Z",
    "name": "Weed Control",
    "price": 65,
    "unit": "per application",
    "description": "Spot treatment or blanket spray",
    "category": "Lawn / Turf Care"
  },
  {
    "id": "d5f8f83d-228c-4307-bd51-4c807c0b93d3",
    "createdAt": "2025-12-09T05:23:35.485Z",
    "name": "Fertilization",
    "price": 75,
    "unit": "per application",
    "description": "Granular or liquid fertilization",
    "category": "Lawn / Turf Care"
  },
  {
    "id": "227f1ccd-754e-47d9-b82c-83af371a264e",
    "createdAt": "2025-12-09T05:23:35.492Z",
    "name": "Edging",
    "price": 20,
    "unit": "per visit",
    "description": "Edging along sidewalks, driveways, and beds",
    "category": "Lawn / Turf Care"
  },
  {
    "id": "605347ca-0445-45a4-b6c9-cfc4e4471dfe",
    "createdAt": "2025-12-09T05:23:35.496Z",
    "name": "Aeration",
    "price": 150,
    "unit": "flat rate",
    "description": "Core aeration service",
    "category": "Lawn / Turf Care"
  },
  {
    "id": "76f594d6-c257-4cae-82ba-8fe628d6f6d0",
    "createdAt": "2025-12-09T05:23:35.499Z",
    "name": "Trimming / Line Trimming",
    "price": 15,
    "unit": "per visit",
    "description": "Trimming around obstacles, trees, posts, beds, fencing",
    "category": "Lawn / Turf Care"
  },
  {
    "id": "16d9a4a4-0f6d-493d-b084-2a720715e0a9",
    "createdAt": "2025-12-09T05:23:35.501Z",
    "name": "Blowing / Cleanup",
    "price": 10,
    "unit": "per visit",
    "description": "Cleanup of clippings from hard surfaces",
    "category": "Lawn / Turf Care"
  },
  {
    "id": "30f03d76-d4e4-48da-a299-3b96ab705b41",
    "createdAt": "2025-12-09T05:23:35.506Z",
    "name": "Lawn Repair / Patching",
    "price": 100,
    "unit": "flat rate",
    "description": "Small area repairs",
    "category": "Lawn / Turf Care"
  },
  {
    "id": "8b7eef6e-2e2c-4aa0-abd8-ff948cb01b15",
    "createdAt": "2025-12-09T05:23:35.510Z",
    "name": "New Sod Installation",
    "price": 3.5,
    "unit": "sqft",
    "description": "Fresh sod installation",
    "category": "Lawn / Turf Care"
  },
  {
    "id": "3cf0c604-9707-4aa9-9e78-02b87a693cea",
    "createdAt": "2025-12-09T05:23:35.516Z",
    "name": "Overseeding",
    "price": 200,
    "unit": "flat rate",
    "description": "Lawn overseeding",
    "category": "Lawn / Turf Care"
  },
  {
    "id": "2307e10c-593a-4518-9f1f-63fe29dab3dc",
    "createdAt": "2025-12-09T05:23:35.519Z",
    "name": "Dethatching",
    "price": 180,
    "unit": "flat rate",
    "description": "Power raking / dethatching",
    "category": "Lawn / Turf Care"
  },
  {
    "id": "e816f234-f855-4b3a-a576-cdcac9e7f86c",
    "createdAt": "2025-12-09T05:23:35.521Z",
    "name": "Topdressing",
    "price": 250,
    "unit": "flat rate",
    "description": "Loam/compost over lawn",
    "category": "Lawn / Turf Care"
  },
  {
    "id": "92680442-89ea-4efe-9610-dbfd3efccf92",
    "createdAt": "2025-12-09T05:24:47.305Z",
    "name": "Parking Lot Plowing",
    "price": 150,
    "unit": "per visit",
    "description": "Commercial lot plowing",
    "category": "Snow & Ice"
  },
  {
    "id": "896238b2-eed0-4243-8312-01ebc8bb1d18",
    "createdAt": "2025-12-09T05:24:47.308Z",
    "name": "Walkway Shoveling",
    "price": 40,
    "unit": "per visit",
    "description": "Walkway and sidewalk clearing",
    "category": "Snow & Ice"
  },
  {
    "id": "a26303be-4581-4c0c-b60c-3ee69eae9290",
    "createdAt": "2025-12-09T05:24:47.313Z",
    "name": "Steps / Porch Shoveling",
    "price": 30,
    "unit": "per visit",
    "description": "Entry clearing",
    "category": "Snow & Ice"
  },
  {
    "id": "3167b9fe-0de7-4db0-866d-b6c1951f6082",
    "createdAt": "2025-12-09T05:24:47.316Z",
    "name": "Snow Blowing",
    "price": 50,
    "unit": "per visit",
    "description": "Snow blower service",
    "category": "Snow & Ice"
  },
  {
    "id": "31cea7ea-ba07-4d6b-be75-24e46437ba27",
    "createdAt": "2025-12-09T05:24:47.319Z",
    "name": "Salting Driveways",
    "price": 50,
    "unit": "per application",
    "description": "Driveway salt/sand",
    "category": "Snow & Ice"
  },
  {
    "id": "f1e83840-0669-46f3-a1f2-3f528d381bc3",
    "createdAt": "2025-12-09T05:24:47.322Z",
    "name": "Salting Walkways",
    "price": 35,
    "unit": "per application",
    "description": "Salt/sand application for walkways",
    "category": "Snow & Ice"
  },
  {
    "id": "164c6f6e-20e1-46cf-95e5-01dff172666a",
    "createdAt": "2025-12-09T05:24:47.327Z",
    "name": "Snow Relocation",
    "price": 100,
    "unit": "per hour",
    "description": "Moving big piles on site",
    "category": "Snow & Ice"
  },
  {
    "id": "b3e97a0b-6e15-4b24-a0ce-df4e36e37313",
    "createdAt": "2025-12-09T05:24:47.330Z",
    "name": "Ice Scraping",
    "price": 45,
    "unit": "per visit",
    "description": "Chip and clear ice",
    "category": "Snow & Ice"
  },
  {
    "id": "4f65666d-fede-4118-9974-fd947b5ccc32",
    "createdAt": "2025-12-09T05:24:47.334Z",
    "name": "Driveway Plowing",
    "price": 75,
    "unit": "per visit",
    "description": "Residential driveway plowing",
    "category": "Snow & Ice"
  }
]